,name,open_gross,open_thea,budget,runtime,MPAArating,Sci-Fi,Adventure,Action,Animation,Musical,Comedy,Fantasy,Thriller,Horror,Drama,Romance,Historical,Western,Family,Crime,Concert,Documentary,Sports,War,Director_gross,Actor_gross,studio_gross,mean_score_mtc,comment_count_mtc,trend_a_week,trend_two_week,trend_a_day,hot_season,tier-a-series,strong_competition
0,Rogue One: A Star Wars Story,155081681,4157,200.0,133,0,1,1,0,0,0,0,0,0,0,0,0,0,0,0,0,0,0,0,0,215547400.0,54776000.0,8400.8,68.24,50.0,588.7609778,144.1023372,1758.048514,1,1,0
1,Finding Dory,135060273,4305,200.0,103,0,0,0,0,1,0,0,0,0,0,0,0,0,0,0,0,0,0,0,0,910476100.0,633317000.0,8400.8,78.87804878,41.0,303.5110421,130.07616090000002,573.298635,1,1,0
2,Captain America: Civil War,179139142,4226,250.0,147,0,0,1,1,0,0,0,0,0,0,0,0,0,0,0,0,0,0,0,0,382200500.0,2343813400.0,8400.8,77.0,51.0,350.7238708,182.1066252,519.3411164,1,1,1
3,The Secret Life of Pets,104352905,4370,75.0,90,0,0,0,0,1,0,0,0,0,0,0,0,0,0,0,0,0,0,0,0,950301900.0,494230700.0,7358.0,64.86111111,36.0,145.01083119999998,77.56393297,283.2769726,1,0,0
4,The Jungle Book (2016),103261464,4028,175.0,105,0,0,1,0,0,0,0,0,0,0,0,0,0,0,0,0,0,0,0,0,1199205500.0,2981235800.0,8400.8,78.56410256,39.0,165.2449007,70.81924315,236.0641438,0,1,1
5,Deadpool,132434639,3558,58.0,106,1,0,0,1,0,0,0,0,0,0,0,0,0,0,0,0,0,0,0,0,695292902.0,1706252291.0,6160.9,67.10869565,46.0,391.19200980000005,171.9895905,708.1924315,0,1,0
6,Zootopia,75063401,3827,150.0,108,0,0,0,0,1,0,0,0,0,0,0,0,0,0,0,0,0,0,0,0,210339300.0,400015500.0,8400.8,79.93103448,29.0,92.73948507,48.22453224,155.8023349,0,0,0
7,Batman v Superman: Dawn of Justice,166007347,4242,250.0,151,0,0,1,1,0,0,0,0,0,0,0,0,0,0,0,0,0,0,0,0,900970500.0,620536600.0,8521.9,48.7,50.0,608.3710221,200.3172878,1168.517512,0,1,0
8,Suicide Squad,133682248,4255,175.0,130,0,0,1,1,0,0,0,0,0,0,0,0,0,0,0,0,0,0,0,0,187218500.0,4364095100.0,8521.9,47.2745098,51.0,696.8789028,279.3938458,1213.918089,0,1,0
9,Sing,35258145,4022,75.0,110,0,0,0,0,1,0,0,0,0,0,0,0,0,0,0,0,0,0,0,0,73389600.0,2193513600.0,7358.0,59.6,20.0,154.14832869999998,73.86274085,247.27961069999998,1,0,0
10,Moana,56631401,3875,150.0,103,0,0,0,0,1,0,0,0,0,0,0,0,0,0,0,0,0,0,0,0,695292902.0,2485880000.0,8400.8,80.65714286,35.0,112.399823,44.95992921,179.83971680000002,1,0,1
11,Fantastic Beasts and Where To Find Them,74403387,4144,180.0,140,0,0,0,0,0,0,0,1,0,0,0,0,0,0,0,0,0,0,0,0,1499282300.0,319579600.0,8521.9,67.41304348,46.0,597.3247738,138.0912111,606.9590444,1,1,1
12,Doctor Strange,85058311,3882,165.0,115,0,0,1,1,0,0,0,0,0,0,0,0,0,0,0,0,0,0,0,0,289334900.0,1345296200.0,8400.8,72.67391304,46.0,166.0305957,93.58088123,295.83633419999995,1,1,1
13,The Revenant,39826840,3375,135.0,151,1,0,1,1,0,0,0,0,0,0,0,0,0,0,0,0,0,0,0,0,695292902.0,1706252291.0,6160.9,79.89361702,47.0,233.70350240000002,259.6705582,259.6705582,0,0,0
14,Jason Bourne,59215365,4026,120.0,123,0,0,0,1,0,0,0,0,0,0,0,0,0,0,0,0,0,0,0,0,746985000.0,4169961300.0,7358.0,60.57446809,47.0,96.44906448,51.93411164,155.8023349,1,1,0
15,Star Trek Beyond,59253211,3928,185.0,120,0,1,1,0,0,0,0,0,0,0,0,0,0,0,0,0,0,0,0,0,786764600.0,140328100.0,5566.0,69.16666667,42.0,79.07261359,31.23856339,157.16902209999998,1,1,1
16,X-Men: Apocalypse,65769562,4150,178.0,143,0,0,1,1,0,0,0,0,0,0,0,0,0,0,0,0,0,0,0,0,695292902.0,1706252291.0,6160.9,54.64444444,45.0,144.47835569999998,81.0250238,191.33620080000003,1,1,1
17,Trolls,46581142,4060,125.0,94,0,0,0,0,1,0,0,0,0,0,0,0,0,0,0,0,0,0,0,0,695292902.0,741504100.0,6160.9,58.90322581,31.0,86.03403597,54.33728588,116.22141699999999,1,0,1
18,La La Land,9242782,734,30.0,128,0,0,0,0,0,1,0,0,0,0,0,0,0,0,0,0,0,0,0,0,695292902.0,574899400.0,3903.3,90.66666667,51.0,140.5421938,117.61687140000002,174.43180080000002,1,0,0
19,Kung Fu Panda 3,41282042,3955,145.0,95,0,0,0,0,1,0,0,0,0,0,0,0,0,0,0,0,0,0,0,0,695292902.0,1706252291.0,6160.9,68.27272727,22.0,38.07199914,22.45271744,54.66748594,0,1,0
20,Ghostbusters (2016),46018755,3963,144.0,108,0,0,0,0,0,0,1,0,0,1,0,0,0,0,0,0,0,0,0,0,511895300.0,3860613600.0,6438.3,63.52941176,51.0,205.0030723,80.0488187,273.3374297,1,0,1
21,Central Intelligence,35535250,3508,50.0,107,0,0,0,0,0,0,1,0,0,0,0,0,0,0,0,0,0,0,0,0,695292902.0,2485880000.0,8521.9,55.62068966,29.0,44.00065941,13.71449125,104.0015586,1,0,0
22,The Legend of Tarzan,38527856,3561,180.0,109,0,0,1,1,0,0,0,0,0,0,0,0,0,0,0,0,0,0,0,0,1499282300.0,71715300.0,8521.9,46.91428571,35.0,63.42952201,35.42910239,132.00197820000002,1,0,0
23,Sully,35028301,3525,60.0,96,0,0,0,0,0,0,0,0,0,0,1,0,0,0,0,0,0,0,0,0,3032890100.0,1673159100.0,8521.9,76.31578947,38.0,89.70778328,43.85713849,125.59089660000001,0,0,1
24,Bad Moms,23817340,3215,20.0,101,1,0,0,0,0,0,1,0,0,0,0,0,0,0,0,0,0,0,0,0,28884600.0,1127614700.0,63.9,62.5862069,29.0,71.42964191,34.85766525,144.0021581,1,0,0
25,The Angry Birds Movie,38155177,3932,73.0,97,0,0,0,0,1,0,0,0,0,0,0,0,0,0,0,0,0,0,0,0,695292902.0,831158200.0,6438.3,45.125,24.0,55.42940212,26.28610822,68.00101909,1,0,1
26,Independence Day: Resurgence,41039944,4130,165.0,120,0,1,1,0,0,0,0,0,0,0,0,0,0,0,0,0,0,0,0,0,695292902.0,1706252291.0,6160.9,49.16666667,12.0,70.71534549,33.42907241,108.0016186,1,0,1
27,The Conjuring 2,40406314,3343,40.0,134,1,0,0,0,0,0,0,0,0,1,0,0,0,0,0,0,0,0,0,0,695292902.0,1706252291.0,8521.9,64.02941176,34.0,108.0016186,37.28627308,261.0039115,1,0,0
28,Arrival,24074047,2317,47.0,116,0,1,0,0,0,0,0,0,0,0,0,0,0,0,0,0,0,0,0,0,119144600.0,2057151400.0,5566.0,82.18367347,49.0,66.4855557,21.75890914,143.850566,1,0,1
29,Passengers (2016),14869736,3478,110.0,116,0,1,0,0,0,0,0,0,0,0,0,0,0,0,0,0,0,0,0,0,101643100.0,2398479000.0,6438.3,47.02941176,34.0,79.78266684,30.22070713,160.77416200000002,1,0,0
30,Sausage Party,34263534,3103,19.0,89,1,0,0,0,1,0,0,0,0,0,0,0,0,0,0,0,0,0,0,0,1112198200.0,2301635600.0,6438.3,69.14705882,34.0,123.3004851,55.60610113,245.3921419,0,0,1
31,The Magnificent Seven (2016),34703397,3674,90.0,133,0,0,0,0,0,0,0,0,0,0,0,0,0,1,0,0,0,0,0,0,687850100.0,524922100.0,6438.3,56.92857143,42.0,85.10151129,42.55075565,134.9656781,0,0,1
32,Ride Along 2,35243095,3175,40.0,101,0,0,0,1,0,0,1,0,0,0,0,0,0,0,0,0,0,0,0,0,878623100.0,976461400.0,7358.0,38.0,24.0,41.14347374,19.28600331,63.00094416,0,0,0
33,Don't Breathe,26411706,3051,9.9,88,1,0,0,0,0,0,0,0,1,1,0,0,0,0,0,0,0,0,0,0,695292902.0,1706252291.0,6438.3,71.21621622,37.0,79.11781128,31.91306673,162.8896115,0,0,1
34,Miss Peregrine's Home for Peculiar Children,28871140,3522,110.0,127,0,0,0,0,0,0,0,1,0,0,0,0,0,0,0,0,0,0,0,0,695292902.0,1706252291.0,6160.9,60.78787879,33.0,54.51815567,25.92936672,93.07977798,0,0,1
35,The Accountant,24710273,3332,44.0,128,1,0,0,0,0,0,0,0,0,0,1,0,0,0,0,0,0,0,0,0,129761700.0,2802280500.0,8521.9,55.36585366,41.0,42.55075565,17.28624448,79.11781128,0,0,1
36,Teenage Mutant Ninja Turtles: Out of the Shadows,35316382,4071,135.0,112,0,0,1,1,0,0,0,0,0,0,0,0,0,0,0,0,0,0,0,0,43022600.0,1225131200.0,5566.0,46.30434783,23.0,33.42907241,19.28600331,63.00094416,1,0,0
37,The Purge: Election Year,31515110,2796,10.0,105,1,0,0,0,0,0,0,0,1,0,0,0,0,0,0,0,0,0,0,0,695292902.0,969610800.0,7358.0,58.782608700000004,23.0,95.14428302,28.28613819,258.0038666,1,0,0
38,Alice Through the Looking Glass,26858726,3763,170.0,112,0,0,1,0,0,0,0,0,0,0,0,0,0,0,1,0,0,0,0,0,695292902.0,4452794800.0,8400.8,39.34146341,41.0,49.71503077,23.14320398,90.0013488,1,0,1
39,Pete's Dragon (2016),21514095,3702,65.0,102,0,0,0,0,0,0,0,0,0,0,0,0,0,0,1,0,0,0,0,0,695292902.0,1781668600.0,8400.8,72.12121212,33.0,48.61873312,21.42520443,74.98821550000001,0,0,1
40,The Girl on the Train (2016),24536265,3144,45.0,112,1,0,0,0,0,0,0,0,1,0,0,0,0,0,0,0,0,0,0,0,225016700.0,1071957700.0,7358.0,53.33333333,45.0,109.5981611,62.62752063,167.28140380000002,0,0,1
41,Boo! A Madea Halloween,28501448,2260,20.0,103,0,0,0,0,0,0,1,0,0,1,0,0,0,0,0,0,0,0,0,0,888316000.0,1026579400.0,3903.3,34.5,4.0,72.0,34.0,127.0,0,0,1
42,Storks,21311407,3922,70.0,89,0,0,0,0,1,0,0,0,0,0,0,0,0,0,0,0,0,0,0,0,339868300.0,691029200.0,8521.9,58.28,25.0,26.36948237,10.71260221,46.14659415,0,0,1
43,10 Cloverfield Lane,24727437,3391,15.0,105,0,0,0,0,0,0,0,0,1,0,0,0,0,0,0,0,0,0,0,0,695292902.0,516469900.0,5566.0,77.27777778,36.0,104.5729958,46.28640796,210.0031472,0,0,0
44,Lights Out,21688103,2818,4.9,81,0,0,0,0,0,0,0,0,0,1,0,0,0,0,0,0,0,0,0,0,695292902.0,431399700.0,8521.9,60.68965517,29.0,89.1441931,42.85778514,216.00323709999998,1,0,1
45,Hacksaw Ridge,15190758,2886,40.0,131,1,0,0,1,0,0,0,0,0,0,1,0,0,0,0,0,0,0,0,0,810109500.0,659046600.0,3903.3,72.30232558,43.0,62.62752063,41.20231621,115.3664854,1,0,1
46,The Divergent Series: Allegiant,29027348,3740,110.0,121,0,0,1,1,0,0,0,0,0,0,0,0,0,0,0,0,0,0,0,0,695292902.0,1706252291.0,3903.3,39.375,24.0,31.61639888,16.15949276,51.64011816,0,0,1
47,Now You See Me 2,22383146,3232,90.0,129,0,0,0,0,0,0,0,0,1,0,0,0,0,0,0,0,0,0,0,0,695292902.0,1706252291.0,3903.3,51.88461538,26.0,46.01942503,23.18535918,86.06686361,1,0,0
48,Ice Age: Collision Course,21373064,3992,105.0,94,0,0,0,0,1,0,0,0,0,0,0,0,0,0,0,0,0,0,0,0,695292902.0,1706252291.0,6160.9,40.33333333,24.0,19.67242597,10.53879963,24.59053246,1,0,1
49,The Boss,23586645,3480,29.0,99,1,0,0,0,0,0,1,0,0,0,0,0,0,0,0,0,0,0,0,0,695292902.0,1018938000.0,7358.0,43.90909091,33.0,48.12718496,21.07759925,88.52591685,0,0,1
50,London Has Fallen,21635601,3490,60.0,99,1,0,0,1,0,0,0,0,0,0,0,0,0,0,0,0,0,0,0,0,695292902.0,1248318500.0,616.1,35.6,30.0,29.24516896,12.64655955,66.39443764,0,0,0
51,Miracles from Heaven,14812393,3047,13.0,109,0,0,0,0,0,0,0,0,0,0,1,0,0,0,0,0,0,0,0,0,695292902.0,1706252291.0,6438.3,49.33333333,3.0,40.31090857,21.34106924,60.86156784,0,0,0
52,Deepwater Horizon,20223544,3259,110.0,107,0,0,0,1,0,0,0,0,0,0,1,0,0,0,0,0,0,0,0,0,695292902.0,1706252291.0,3903.3,68.6,45.0,22.24925075,11.53664854,34.60994561,0,0,1
53,Why Him?,11002986,2917,38.0,111,1,0,0,0,0,0,1,0,0,0,0,0,0,0,0,0,0,0,0,0,695292902.0,2740730100.0,6160.9,43.2,25.0,72.0,34.0,127.0,1,0,0
54,My Big Fat Greek Wedding 2,17861950,3133,18.0,94,0,0,0,0,0,0,1,0,0,0,0,0,0,0,0,0,0,0,0,0,164431400.0,739599800.0,7358.0,44.03703704,27.0,37.14926868,19.7602493,71.92730744,0,0,0
55,Jack Reacher: Never Go Back,22872490,3780,60.0,118,0,0,0,0,0,0,0,0,0,0,1,0,0,0,0,1,0,0,0,0,798602500.0,6209566700.0,5566.0,50.15789474,38.0,14.79359353,6.631610894,24.99607183,0,0,1
56,Fences,11600170,2233,24.0,138,0,0,0,0,0,0,0,0,0,0,1,0,0,0,0,0,0,0,0,0,69281700.0,3522029100.0,5566.0,79.04878049,41.0,72.0,34.0,127.0,1,0,0
57,Me Before You,18723269,2704,20.0,110,0,0,0,0,0,0,0,0,0,0,0,1,0,0,0,0,0,0,0,0,695292902.0,1706252291.0,8521.9,57.0,32.0,98.01083652,56.90951798,193.6504431,1,0,0
58,The BFG,18775350,3357,140.0,117,0,0,1,0,0,0,0,0,0,0,0,0,0,0,0,0,0,0,0,0,9378314500.0,124177700.0,8400.8,67.94871795,39.0,66.02489532,36.45124429,139.61514319999998,1,0,0
59,Neighbors 2: Sorority Rising,21760405,3384,35.0,91,1,0,0,0,0,0,1,0,0,0,0,0,0,0,0,0,0,0,0,0,339868300.0,945566600.0,7358.0,59.54545455,33.0,43.32883755,19.25726113,77.02904454,1,0,1
60,The Shallows,16800868,2962,17.0,85,0,0,0,0,0,0,0,0,0,1,0,0,0,0,0,0,0,0,0,0,298740100.0,490922700.0,6438.3,60.60714286,28.0,98.34958365,31.63692901,202.2012419,1,0,1
61,Office Christmas Party,17500000,3210,45.0,105,1,0,0,0,0,0,1,0,0,0,0,0,0,0,0,0,0,0,0,0,185135400.0,1924412900.0,5566.0,47.9375,32.0,72.0,34.0,127.0,1,0,1
62,Assassin's Creed,10278225,2970,125.0,140,0,0,0,1,0,0,0,0,0,0,0,0,0,0,0,0,0,0,0,0,695292902.0,1128245900.0,6160.9,42.66666667,24.0,68.86672852,32.13780664,149.97643100000002,1,0,0
63,Barbershop: The Next Cut,20242415,2661,20.0,112,0,0,0,0,0,0,1,0,0,0,0,0,0,0,0,0,0,0,0,0,695292902.0,1896217400.0,8521.9,67.83333333,24.0,22.69605776,10.31638989,38.51452227,0,0,1
64,13 Hours: The Secret Soldiers of Benghazi,16194738,2389,50.0,144,1,0,0,0,0,0,0,0,0,0,1,0,0,0,0,0,0,0,0,0,2973554300.0,436240700.0,5566.0,54.10344828,29.0,70.09076663,35.04538331,115.96835929999999,0,0,0
65,The Huntsman: Winter's War,19445035,3791,115.0,114,0,0,1,1,0,0,0,0,0,0,0,0,0,0,0,0,0,0,0,0,695292902.0,1999313200.0,7358.0,41.35897436,39.0,52.24948058,27.39911786,80.28578723,0,0,1
66,Kubo and the Two Strings,12608372,3260,60.0,101,0,0,0,0,1,0,0,0,0,0,0,0,0,0,0,0,0,0,0,0,695292902.0,2193513600.0,616.1,82.36363636,33.0,34.68842622,19.89483268,67.84648069,0,0,0
67,Manchester by the Sea,4223828,1206,9.0,135,1,0,0,0,0,0,0,0,0,0,1,0,0,0,0,0,0,0,0,0,14804800.0,1077103900.0,166.7,94.36734694,49.0,73.33031277,55.26342412,66.95376384,1,0,0
68,Warcraft,24166110,3400,160.0,123,0,0,0,0,0,0,0,1,0,0,0,0,0,0,0,0,0,0,0,0,66613600.0,490398600.0,7358.0,38.47368421,38.0,103.22458359999999,53.52385815,191.793825,1,0,0
69,How to Be Single,17878911,3343,38.0,110,1,0,0,0,0,0,1,0,0,0,0,1,0,0,0,0,0,0,0,0,695292902.0,1706252291.0,8521.9,57.34782609,23.0,41.41727119,15.292530900000001,75.82546571,0,0,0
70,Mike and Dave Need Wedding Dates,16628170,2982,33.0,98,1,0,0,0,0,0,1,0,0,0,0,0,0,0,0,0,0,0,0,0,695292902.0,1706252291.0,6160.9,55.15384615,26.0,52.14753037,30.551078399999998,95.86717704,1,0,0
71,War Dogs,14685305,3258,50.0,114,1,0,0,0,0,0,1,0,0,0,1,0,0,0,0,0,0,0,0,0,1222923300.0,2848641100.0,8521.9,58.93939394,33.0,46.22997979,21.25516312,100.4306458,0,0,0
72,Almost Christmas,15134235,2376,17.0,112,0,0,0,0,0,0,1,0,0,0,0,0,0,0,0,0,0,0,0,0,695292902.0,2714989600.0,7358.0,55.1,20.0,28.69447022,10.09620248,85.55203157,1,0,1
73,Money Monster,14788157,3104,27.0,95,1,0,0,0,0,0,0,0,1,0,1,0,0,0,0,0,0,0,0,0,695292902.0,2816424500.0,6438.3,63.0,29.0,24.75690836,6.8476555029999995,73.74398234,1,0,1
74,Allied,12701743,3160,85.0,121,1,0,0,0,0,0,0,0,1,0,0,1,0,0,0,0,0,0,0,0,3866168400.0,1267325900.0,5566.0,63.94594595,37.0,72.0,34.0,127.0,1,0,1
75,Nerve,9445456,2538,19.0,96,0,0,0,0,0,0,0,0,1,0,0,0,0,0,0,0,0,0,0,0,182071700.0,815367500.0,3903.3,58.33333333,15.0,61.62889953,27.39062201,140.11356640000002,1,0,1
76,Risen,11801271,2915,20.0,107,0,0,1,1,0,0,0,0,0,0,0,0,0,0,0,0,0,0,0,0,648015100.0,1706252291.0,6438.3,58.0,18.0,40.55919029,21.59645197,77.43118146,0,0,0
77,The Nice Guys,11203270,2865,50.0,116,1,0,0,0,0,0,1,0,1,0,0,0,0,0,0,0,0,0,0,0,441769300.0,574899400.0,8521.9,72.74418605,43.0,29.26348506,10.24221977,71.69553839,1,0,1
78,The Boy (2016),10778392,2671,10.0,98,0,0,0,0,0,0,0,0,0,1,0,0,0,0,0,0,0,0,0,0,91529400.0,1706252291.0,63.9,45.0,2.0,64.37966712,43.89522758,92.17997793,0,0,0
79,Dirty Grandpa,11111875,2912,25.0,102,1,0,0,0,0,0,1,0,0,0,0,0,0,0,0,0,0,0,0,0,695292902.0,5429019700.0,3903.3,28.75,4.0,35.11618207,13.16856828,61.45331862,0,0,0
80,Ouija: Origin of Evil,14065500,3167,9.0,99,0,0,0,0,0,0,0,0,0,1,0,0,0,0,0,0,0,0,0,0,29690100.0,1706252291.0,7358.0,66.75,24.0,28.16309114,9.564823405,48.3554961,0,0,1
81,The 5th Wave,10326356,2908,38.0,112,0,1,0,1,0,0,0,0,0,0,0,0,0,0,0,0,0,0,0,0,695292902.0,815272100.0,6438.3,41.4375,16.0,52.6742731,38.04253057,81.93775816,0,0,0
82,Inferno,14860425,3576,75.0,121,0,0,0,0,0,0,0,0,1,0,0,0,0,0,0,0,0,0,0,0,3328245400.0,7411925200.0,6438.3,47.95121951,41.0,44.63584256,26.5689539,74.39307093,0,0,1
83,Mother's Day,8369184,3035,25.0,118,0,0,0,0,0,0,1,0,0,0,0,0,0,0,0,0,0,0,0,0,1761809300.0,1924412900.0,542.6,25.58333333,24.0,380.4253057,226.79200919999997,440.41545010000004,0,0,1
84,Gods of Egypt,14123903,3117,140.0,127,0,0,1,1,0,0,0,0,0,0,0,0,0,0,0,0,0,0,0,0,695292902.0,1607900100.0,3903.3,31.35294118,17.0,33.65300781,14.63174253,71.69553839,0,0,0
85,Collateral Beauty,7102085,3028,36.0,94,0,0,0,0,0,0,0,0,0,0,1,0,0,0,0,0,0,0,0,0,695292902.0,4364095100.0,8521.9,31.35294118,34.0,72.0,34.0,127.0,1,0,0
86,"Hail, Caesar!",11355225,2232,22.0,100,0,0,0,0,0,0,1,0,0,0,0,0,0,0,0,0,0,0,0,0,445486500.0,1933777200.0,7358.0,73.76744186,43.0,36.57935632,13.16856828,71.69553839,0,0,0
87,When the Bough Breaks,14202323,2246,10.0,107,0,0,0,0,0,0,0,0,0,0,1,0,0,0,0,0,0,0,0,0,695292902.0,1706252291.0,6438.3,58.0,29.0,32.41412376,19.66102589,59.51445674,0,0,1
88,Zoolander 2,13841146,3394,55.0,100,0,0,0,0,0,0,1,0,0,0,0,0,0,0,0,0,0,0,0,0,439921200.0,1022371800.0,5566.0,41.14705882,34.0,51.21109885,17.55809103,102.42219770000001,0,0,0
89,Moonlight (2016),1488740,650,4.0,110,1,0,0,0,0,0,0,0,0,0,1,0,0,0,0,0,0,0,0,0,695292902.0,1861678500.0,96.8,96.30434783,46.0,55.04309621,49.01647983,53.43599851,1,0,1
90,The Finest Hours,10288932,3143,80.0,109,0,0,0,0,0,0,0,0,1,0,0,0,0,0,0,0,0,0,0,0,100951500.0,652865600.0,8400.8,60.41935484,31.0,34.6858367,17.34291835,50.90985709,0,0,0
91,Florence Foster Jenkins,6601313,1528,29.0,110,0,0,0,0,0,0,0,0,0,0,1,0,0,0,0,0,0,0,0,0,377665200.0,924238100.0,5566.0,71.42857143,35.0,28.12420974,16.47275142,56.24841948,0,0,1
92,Hell or High Water,3551931,909,12.0,102,1,0,0,1,0,0,0,0,0,0,1,0,0,0,0,0,0,0,0,0,695292902.0,2840726600.0,3903.3,86.53488372,43.0,38.57034479,29.73130744,33.74905169,0,0,1
93,The Forest,12741176,2451,10.0,95,0,0,0,0,0,0,0,0,0,1,0,0,0,0,0,0,0,0,0,0,695292902.0,1706252291.0,616.1,39.3,10.0,40.83977547,22.93740814,58.742142799999996,0,0,0
94,Ben-Hur (2016),11203815,3084,100.0,123,0,0,0,0,0,0,0,0,0,0,0,0,1,0,0,0,0,0,0,0,211884000.0,650489100.0,5566.0,41.09090909,22.0,55.44487063,23.70469107,112.496839,0,0,0
95,The Witch,8800230,2046,4.0,92,1,0,0,0,0,0,0,0,0,1,0,0,0,0,0,0,0,0,0,0,695292902.0,1706252291.0,96.8,82.0,37.0,47.55316322,16.22402039,109.6519999,0,0,0
96,Bridget Jones's Baby,8571785,2927,35.0,122,1,0,0,0,0,0,1,0,0,0,0,1,0,0,0,0,0,0,0,0,112902100.0,1522241400.0,7358.0,64.31578947,38.0,24.29931722,13.72461435,45.67371662,0,0,1
97,Kevin Hart: What Now?,11767210,2567,9.9,96,1,0,0,0,0,0,0,0,0,0,0,0,0,0,0,0,1,0,0,0,695292902.0,976461400.0,7358.0,62.5,18.0,16.19954481,6.749810338,31.49911491,0,0,1
98,Whiskey Tango Foxtrot,7450275,2374,35.0,112,1,0,0,0,0,0,1,0,0,0,0,0,0,0,0,0,0,0,0,0,156224100.0,718497500.0,5566.0,59.03125,32.0,24.61575508,8.951183664,58.742142799999996,0,0,0
99,Snowden,8000058,2443,40.0,134,1,0,0,0,0,0,0,0,1,0,0,0,0,0,0,0,0,0,0,0,1376932300.0,1923178300.0,542.6,62.15789474,38.0,27.22423503,11.69967125,42.52380513,0,0,1
100,Mechanic: Resurrection,7456525,2258,40.0,99,1,0,0,1,0,0,0,0,0,0,0,0,0,0,0,0,0,0,0,0,695292902.0,1706252291.0,3903.3,55.0,2.0,8.999747117,5.624841947999999,14.17460171,0,0,1
101,Free State of Jones,7572206,2815,50.0,139,1,0,0,1,0,0,0,0,0,0,1,0,0,0,0,0,0,0,0,0,708863000.0,2193513600.0,63.9,57.54838710000001,31.0,38.49008976,16.55968978,65.79119993,1,0,1
102,Blair Witch,9576057,3121,5.0,90,1,0,0,0,0,0,0,0,0,1,0,0,0,0,0,0,0,0,0,0,21419700.0,1706252291.0,3903.3,51.74285714,35.0,72.0,34.0,127.0,0,0,1
103,God's Not Dead 2,7623662,2419,5.0,121,0,0,0,0,0,0,0,0,0,0,1,0,0,0,0,0,0,0,0,0,695292902.0,1706252291.0,28.4,63.0,1.0,22.37795916,8.503624481000001,50.12662852,0,0,1
104,Keanu,9453224,2658,15.0,98,1,0,0,0,0,0,1,0,0,0,0,0,0,0,0,0,0,0,0,0,695292902.0,1706252291.0,8521.9,65.84615385,26.0,44.75591832,20.58772243,97.12034276,0,0,1
105,Middle School: The Worst Years of My Life,6878437,2822,8.5,89,0,0,0,0,0,0,1,0,0,0,0,0,0,0,0,0,0,0,0,0,690696300.0,1706252291.0,3903.3,51.42857143,7.0,11.27336744,6.844544517999999,16.91005116,0,0,1
106,Nine Lives (2016),6249915,2264,30.0,87,0,0,0,0,0,0,1,0,0,0,0,0,0,0,0,0,0,0,0,0,1806061900.0,1164190600.0,16.1,15.0,2.0,22.14411462,8.455025581000001,50.73015349,0,0,0
107,Race (2016),7353922,2369,5.0,134,0,0,0,0,0,0,0,0,0,0,1,0,0,0,0,0,0,0,0,0,448728900.0,1496159300.0,616.1,61.14285714,28.0,11.18897958,5.818269382,18.7974857,0,0,0
108,The Choice,6050443,2631,10.0,111,0,0,0,0,0,0,0,0,0,0,0,1,0,0,0,0,0,0,0,0,695292902.0,431399700.0,3903.3,31.38461538,13.0,44.1114331,26.53578397,86.84438391,0,0,0
109,Eye in the Sky,3961556,1029,13.0,102,1,0,0,0,0,0,0,0,1,0,1,0,0,0,0,0,0,0,0,0,695292902.0,1769523300.0,22.5,72.55882353,34.0,15.507925699999998,7.926273135,24.12343998,0,0,1
110,Bad Santa 2,6176680,2920,26.0,87,1,0,0,0,0,0,1,0,0,0,0,0,0,0,0,0,0,0,0,0,611368000.0,3593473000.0,34.7,44.095238099999996,21.0,20.93625382,8.052405315,47.91181163,1,0,1
111,Masterminds (2016),6541205,3042,25.0,94,0,0,0,0,0,0,1,0,0,0,0,0,0,0,0,0,0,0,0,0,695292902.0,1533581500.0,932.7,49.45,20.0,27.78079834,6.039303987,64.82186279,0,0,1
112,Norm of the North,6844137,2411,18.0,90,0,0,0,0,1,0,0,0,0,0,0,0,0,0,0,0,0,0,0,0,695292902.0,1321469700.0,3903.3,25.7,10.0,8.270893706,3.790826282,19.29875198,0,0,0
113,The Birth of a Nation,7004254,2105,8.5,110,1,0,0,0,0,0,0,0,0,0,1,0,0,0,0,0,0,0,0,0,695292902.0,860508900.0,652.1,71.66666667,45.0,42.27512791,10.87074718,93.00528139,0,0,1
114,Eddie the Eagle,6084682,2042,23.0,105,0,0,0,0,0,0,0,0,0,0,1,0,0,0,0,0,0,0,0,0,695292902.0,2914121200.0,6160.9,59.10714286,28.0,8.270893706,6.54779085,12.06171999,0,0,0
115,The Infiltrator,5303775,1601,28.0,127,1,0,0,0,0,0,0,0,1,0,1,0,0,0,0,0,0,0,0,0,85853100.0,966177800.0,34.7,66.73684211,19.0,17.58641852,7.646268921,32.11432947,1,0,0
116,Keeping Up with the Joneses,5461475,3022,40.0,101,0,0,0,0,0,0,1,0,0,0,0,0,0,0,0,0,0,0,0,0,695292902.0,1372008800.0,6160.9,41.14814815,27.0,25.76769701,10.87074718,50.73015349,0,0,1
117,Criminal (2016),5767278,2683,18.5,113,1,0,0,1,0,0,0,0,0,0,0,0,0,0,0,0,0,0,0,0,695292902.0,3358466900.0,3903.3,42.85,20.0,18.35104541,9.940149597000001,42.81910596,0,0,1
118,Room,1335563,862,13.0,118,1,0,0,0,0,0,0,0,0,0,1,0,0,0,0,0,0,0,0,0,695292902.0,353136100.0,96.8,86.3255814,43.0,58.111643799999996,55.05313623,37.46671771,0,0,0
119,"Hello, My Name is Doris",2376822,963,1.0,95,1,0,0,0,0,0,1,0,0,0,0,0,0,0,0,0,0,0,0,0,695292902.0,4379942500.0,166.7,63.217391299999996,23.0,30.58507568,17.58641852,26.76194122,0,0,1
120,The Edge of Seventeen,4754215,1945,9.0,99,1,0,0,0,0,0,1,0,0,0,0,0,0,0,0,0,0,0,0,0,695292902.0,3555749900.0,63.9,77.23333333,30.0,0.0,0.0,0.0,1,0,1
121,Love & Friendship,2139663,819,3.0,92,0,0,0,0,0,0,1,0,0,0,0,0,0,0,0,0,0,0,0,0,28616500.0,1413462500.0,166.7,85.77777778,36.0,53.93719428,25.72866164,32.54830689,1,0,0
122,Hillary's America: The Secret History of the Democratic Party,3964646,1217,5.0,100,0,0,0,0,0,0,0,0,0,0,0,0,0,0,0,0,0,1,0,0,695292902.0,1706252291.0,4540.0,7.6,15.0,72.0,34.0,127.0,1,0,1
123,Carol,1458049,790,11.8,118,1,0,0,0,0,0,0,0,0,0,1,0,0,0,0,0,0,0,0,0,695292902.0,3606253700.0,1569.5,93.52272727,44.0,46.1875974,31.92833914,49.9074039,0,0,0
124,Triple 9,6109085,2205,20.0,115,1,0,0,0,0,0,0,0,1,0,0,0,0,0,0,0,0,0,0,0,54881400.0,1077103900.0,542.6,56.54285714,35.0,29.13848427,10.84943563,62.92672666,0,0,0
125,The Light Between Oceans,4765838,1500,20.0,132,0,0,0,0,0,0,0,0,0,0,1,0,0,0,0,0,0,0,0,0,33833900.0,1128245900.0,8400.8,64.07894737,38.0,26.00723059,10.91661531,49.4458458,0,0,0
126,Fifty Shades of Black,5900528,2075,5.0,92,1,0,0,0,0,0,1,0,0,0,0,0,0,0,0,0,0,0,0,0,63612000.0,1131814400.0,542.6,58.0,29.0,33.16827464,24.48872614,56.41706528,0,0,0
127,The Danish Girl,526374,794,15.0,120,1,0,0,0,0,0,0,0,0,0,1,0,0,0,0,0,0,0,0,0,336058300.0,319579600.0,616.1,67.875,40.0,27.5995055,28.88320343,15.72529964,0,0,0
128,Cafe Society,1605786,631,30.0,96,0,0,0,0,0,0,1,0,0,0,1,0,0,0,0,0,0,0,0,0,1382609900.0,3277555300.0,3903.3,65.51351351,37.0,37.24492281,18.30138449,22.47538446,0,0,0
129,Pride and Prejudice and Zombies,5324240,2931,28.0,108,0,0,0,0,0,0,1,0,0,0,0,0,0,0,0,0,0,0,0,0,695292902.0,1706252291.0,6438.3,50.53846154,26.0,25.673958600000002,16.68807309,42.68295618,0,0,0
130,The Darkness,4950859,1755,4.0,92,0,0,0,0,0,0,0,0,0,1,0,0,0,0,0,0,0,0,0,0,695292902.0,2702757800.0,7.2,58.0,29.0,19.25546895,5.455716203,51.66884169,1,0,1
131,Nocturnal Animals,3161381,1262,22.5,115,1,0,0,0,0,0,0,0,1,0,1,0,0,0,0,0,0,0,0,0,10369600.0,2057151400.0,616.1,69.55555556,45.0,62.60999956,47.51938428,69.67369181,1,0,1
132,The Lady in the Van,2329885,540,6.0,104,0,0,0,0,0,0,0,0,0,0,1,0,0,0,0,0,0,0,0,0,695292902.0,1265713100.0,314.2,72.63333333,30.0,19.89731792,8.344036546,13.47882827,0,0,0
133,The Perfect Match,4294232,925,5.0,96,1,0,0,0,0,0,1,0,0,0,0,1,0,0,0,0,0,0,0,0,114019500.0,662279500.0,3903.3,58.0,29.0,72.0,34.0,127.0,0,0,0
134,Popstar: Never Stop Never Stopping,4698715,2311,20.0,86,1,0,0,0,0,0,1,0,0,0,0,0,0,0,0,0,0,0,0,0,56971100.0,691029200.0,7358.0,70.06060606,33.0,24.37421445,11.79397473,49.53469388,1,0,0
135,Hardcore Henry,5107604,3015,2.0,95,1,0,0,1,0,0,0,0,1,0,0,0,0,0,0,0,0,0,0,0,695292902.0,628385700.0,63.9,51.48148148,27.0,36.95445416,20.83602203,74.30204082,0,0,1
136,Meet the Blacks,4055940,1015,0.9,93,1,0,0,0,0,0,1,0,0,0,0,0,0,0,0,0,0,0,0,0,695292902.0,1706252291.0,85.759,58.0,29.0,72.0,34.0,127.0,0,0,1
137,Queen of Katwe,2495427,1242,15.0,124,0,0,0,0,0,0,0,0,0,0,1,0,0,0,0,0,0,0,1,0,113519500.0,1129911100.0,8400.8,74.36111111,36.0,72.0,34.0,127.0,0,0,1
138,Ratchet & Clank,4869278,2891,20.0,94,0,0,0,0,1,0,0,0,0,0,0,0,0,0,0,0,0,0,0,0,695292902.0,1223580900.0,616.1,36.94117647,17.0,11.79397473,7.07638484,19.26349206,0,0,1
139,The Wild Life (2016),3342696,2493,13.0,90,0,0,0,0,1,0,0,0,0,0,0,0,0,0,0,0,0,0,0,0,695292902.0,1706252291.0,3903.3,39.53846154,13.0,72.0,34.0,127.0,0,0,1
140,Shut In,3613567,2058,10.0,91,0,0,0,0,0,0,0,0,1,0,0,0,0,0,0,0,0,0,0,0,695292902.0,1108581800.0,16.1,38.0,1.0,14.76953836,6.421538416000001,35.96061513,1,0,1
141,The Brothers Grimsby,3258327,2235,35.0,83,1,0,0,0,0,0,1,0,0,0,0,0,0,0,0,0,0,0,0,0,570671300.0,1568393900.0,6438.3,50.83333333,24.0,36.56132167,8.648914804,60.54240363,0,0,0
142,The Young Messiah,3294876,1761,18.5,111,0,0,0,0,0,0,0,0,0,0,1,0,1,0,0,0,0,0,0,0,695292902.0,1706252291.0,616.1,58.0,29.0,11.913832199999998,4.866213152,27.01587302,0,0,0
143,Southside with You,2868403,813,1.5,81,0,0,0,0,0,0,0,0,0,0,1,0,0,0,0,0,0,0,0,0,695292902.0,1706252291.0,166.7,75.94117647,34.0,72.0,34.0,127.0,0,0,1
144,Bleed for This,2366810,1549,6.0,116,1,0,0,0,0,0,0,0,0,0,1,0,0,0,0,0,0,0,1,0,695292902.0,1673159100.0,542.6,63.86206897,29.0,32.80603438,20.07533447,37.70245743,1,0,1
145,Incarnate,2534884,1737,5.0,91,0,0,0,0,0,0,0,0,0,1,0,0,0,0,0,0,0,0,0,0,333863700.0,1673159100.0,7.2,58.0,29.0,12.24105761,3.672317282,41.12995355,1,0,1
146,Hands of Stone,1751388,810,20.0,105,1,0,0,0,0,0,0,0,0,0,1,0,0,0,0,0,0,0,0,0,695292902.0,5429019700.0,1569.5,56.66666667,27.0,35.00942475,11.751415300000001,51.41244194,0,0,1
147,Swiss Army Man,1414751,636,3.0,95,1,0,0,0,0,0,1,0,0,0,0,0,0,0,0,0,0,0,0,0,695292902.0,701163300.0,96.8,64.03333333,30.0,33.5600907,9.06122449,63.42857143,1,0,0
148,Denial,954159,648,10.0,110,0,0,0,0,0,0,0,0,0,0,1,0,0,0,0,0,0,0,0,0,695292902.0,1677119000.0,22.5,67.26666667,30.0,12.42712168,8.989832706,12.95593537,0,0,1
149,Morgan,2012709,2020,8.0,92,1,1,0,0,0,0,0,0,1,0,0,0,0,0,0,0,0,0,0,0,695292902.0,1706252291.0,6160.9,53.11111111,27.0,19.56610648,11.10508746,33.31526238,0,0,0
150,Max Steel,2182216,2034,10.0,92,0,0,0,1,0,0,0,0,0,0,0,0,0,0,0,0,0,0,0,0,695292902.0,1706252291.0,542.6,58.0,29.0,10.04746008,6.081357418,18.508479100000002,0,0,1
151,Batman: The Killing Joke,3775000,1325,3.5,76,1,0,0,0,1,0,0,0,0,0,0,0,0,0,0,0,0,0,0,0,695292902.0,1706252291.0,4540.0,58.0,29.0,14.430839,4.698412698,32.88888889,1,0,1
152,Rules Don't Apply,1589625,2382,25.0,126,0,0,0,0,0,0,1,0,0,0,1,0,0,0,0,0,0,0,0,0,695292902.0,1706252291.0,6160.9,61.75,28.0,14.19600347,9.86501936,40.42251835,1,0,1
153,Miss Sloane,1844972,1648,13.0,132,1,0,0,0,0,0,0,0,1,0,1,0,0,0,0,0,0,0,0,0,369756800.0,1191203100.0,16.1,64.60606061,33.0,16.60210575,10.58685005,35.36970356,1,0,1
154,Green Room,411376,777,5.0,94,1,0,0,0,0,0,0,0,1,0,0,0,0,0,0,0,0,0,0,0,277000.0,277000.0,96.8,79.04761905,42.0,24.83446712,40.60770975,17.61904762,1,0,1
155,The Disappointments Room,1402823,1554,15.0,92,1,0,0,0,0,0,0,0,0,1,0,0,0,0,0,0,0,0,0,0,373078400.0,1413462500.0,932.7,58.0,29.0,15.15844438,15.39905461,23.57980237,0,0,1
156,Hillsong - Let Hope Rise,1357243,816,10.0,103,0,0,0,0,0,0,0,0,0,0,0,0,0,0,0,0,0,1,0,0,695292902.0,1706252291.0,28.4,56.66666667,3.0,72.0,34.0,127.0,0,0,1
157,Demolition,1100042,854,10.0,101,1,0,0,0,0,0,0,0,0,0,1,0,0,0,0,0,0,0,0,0,83654600.0,2219616900.0,652.1,54.12121212,33.0,9.571428571,4.0,22.0,0,0,1
158,Billy Lynn's Long Halftime Walk,901062,1176,40.0,110,1,0,0,0,0,0,0,0,0,0,0,0,0,0,0,0,0,0,0,1,695292902.0,1706252291.0,6438.3,54.68421053,38.0,19.00820804,9.624409132,23.57980237,1,0,1
159,I Saw the Light,683990,741,13.0,123,1,0,0,0,0,0,0,0,0,0,1,0,0,0,0,0,0,0,0,0,5525100.0,1297147800.0,314.2,49.85714286,28.0,11.57142857,4.714285714,14.0,0,0,1
160,Jane Got a Gun,835572,1210,25.0,98,1,0,0,0,0,0,0,0,0,0,0,0,0,1,0,0,0,0,0,0,129761700.0,2911712600.0,1569.5,50.0,3.0,4.428571429,0.7142857140000001,14.0,0,0,0
161,The Neon Demon,589014,783,7.0,117,1,0,0,0,0,0,0,0,1,1,0,0,0,0,0,0,0,0,0,0,40596100.0,706709200.0,34.7,53.07692308,39.0,24.14285714,10.57142857,47.0,1,0,1
162,Believe (2016),477387,638,3.5,119,0,0,0,0,0,0,0,0,0,0,0,0,0,0,1,0,0,0,0,0,695292902.0,1706252291.0,85.759,30.0,1.0,72.0,34.0,127.0,1,0,1
163,The Bronze,386328,1167,3.5,108,1,0,0,0,0,0,1,0,0,0,0,0,0,0,0,0,0,0,0,0,695292902.0,824477100.0,314.2,45.79166667,24.0,14.71428571,3.714285714,32.0,0,0,1
164,The Bounce Back,227354,615,3.0,104,0,0,0,0,0,0,1,0,0,0,0,1,0,0,0,0,0,0,0,0,695292902.0,1706252291.0,0.0082,50.0,1.0,3.127932968,0.48122045700000005,10.10562959,1,0,1
